Kategori,Nama,Image_URL
Kamera & Lensa,Sony Lens 18-55mm f/3.5 + Cap,https://images.unsplash.com/photo-1519183071298-a2962be96d65
Kamera & Lensa,Sigma Lens 30mm f/1.4 + Cap,https://images.unsplash.com/photo-1519183071298-a2962be96d65
Kamera & Lensa,Quick Release Plate P200 Adapter Camera,https://images.unsplash.com/photo-1519183071298-a2962be96d65
Kamera & Lensa,Tripod Beike Q555P,https://images.unsplash.com/photo-1519183071298-a2962be96d65
Kamera & Lensa,"Takara Spirit 1, 2, 3",https://images.unsplash.com/photo-1519183071298-a2962be96d65
Kamera & Lensa,"Inbex 1, 2",https://images.unsplash.com/photo-1519183071298-a2962be96d65
Kamera & Lensa,Camera Bag,https://images.unsplash.com/photo-1519183071298-a2962be96d65
Kamera & Lensa,Release Plate,https://images.unsplash.com/photo-1519183071298-a2962be96d65
Kamera & Lensa,Universal Cage,https://images.unsplash.com/photo-1519183071298-a2962be96d65
Kamera & Lensa,Smallrig,https://images.unsplash.com/photo-1519183071298-a2962be96d65
Kamera & Lensa,Side Handle,https://images.unsplash.com/photo-1519183071298-a2962be96d65
Baterai & Charger,Battery Kingma + Sony,https://images.unsplash.com/photo-1505739777083-d7c7c0ae1991
Baterai & Charger,Kingma Dummy Battery,https://images.unsplash.com/photo-1505739777083-d7c7c0ae1991
Baterai & Charger,Charger Kingma,https://images.unsplash.com/photo-1505739777083-d7c7c0ae1991
Baterai & Charger,Power Supply Cable + Remote,https://images.unsplash.com/photo-1505739777083-d7c7c0ae1991
Baterai & Charger,Power Supply Cable L-3 Inbex 100S 100W,https://images.unsplash.com/photo-1505739777083-d7c7c0ae1991
Baterai & Charger,Power Supply Cable (umum),https://images.unsplash.com/photo-1505739777083-d7c7c0ae1991
Baterai & Charger,Remote,https://images.unsplash.com/photo-1505739777083-d7c7c0ae1991
Baterai & Charger,Charging Case,https://images.unsplash.com/photo-1505739777083-d7c7c0ae1991
Baterai & Charger,Charging Cable USB-A,https://images.unsplash.com/photo-1505739777083-d7c7c0ae1991
Baterai & Charger,Charging Cable Triple USB-C to USB-A,https://images.unsplash.com/photo-1505739777083-d7c7c0ae1991
Baterai & Charger,Cable Type-C to Type-C,https://images.unsplash.com/photo-1505739777083-d7c7c0ae1991
Baterai & Charger,Cable Type-C,https://images.unsplash.com/photo-1505739777083-d7c7c0ae1991
Baterai & Charger,Head Charger,https://images.unsplash.com/photo-1505739777083-d7c7c0ae1991
Baterai & Charger,Cable Type-C to Lightning,https://images.unsplash.com/photo-1505739777083-d7c7c0ae1991
Baterai & Charger,Cable Type-C to 3.5mm TRS (Camera),https://images.unsplash.com/photo-1505739777083-d7c7c0ae1991
Baterai & Charger,Cable Type-C to 3.5mm TRRS (Hp),https://images.unsplash.com/photo-1505739777083-d7c7c0ae1991
Audio / Mikrofon,Lavalier Microphone Clips,https://images.unsplash.com/photo-1581291519195-effc49844838
Audio / Mikrofon,Foam Lavalier Windscreens,https://images.unsplash.com/photo-1581291519195-effc49844838
Audio / Mikrofon,Receiver,https://images.unsplash.com/photo-1581291519195-effc49844838
Audio / Mikrofon,Mic Wireless Maono WM 820 (Transmitters & Receiver),https://images.unsplash.com/photo-1581291519195-effc49844838
Audio / Mikrofon,TNW Interview Mic Handheld,https://images.unsplash.com/photo-1581291519195-effc49844838
Audio / Mikrofon,Maono AU-PM360TR Condenser XLR,https://images.unsplash.com/photo-1581291519195-effc49844838
Audio / Mikrofon,Boya BY-MM1,https://images.unsplash.com/photo-1581291519195-effc49844838
Audio / Mikrofon,XLR Cable,https://images.unsplash.com/photo-1581291519195-effc49844838
Audio / Mikrofon,Taff Studio USB Soundcard,https://images.unsplash.com/photo-1581291519195-effc49844838
Audio / Mikrofon,Blackstar 3.5mm TRRS Cable Live Streaming,https://images.unsplash.com/photo-1581291519195-effc49844838
Audio / Mikrofon,Cable 3.5mm TRS-TRS (Camera),https://images.unsplash.com/photo-1581291519195-effc49844838
Audio / Mikrofon,Cable 3.5mm TRS-TRRS (Hp),https://images.unsplash.com/photo-1581291519195-effc49844838
Audio / Mikrofon,Converter Connector Lightning - 3.5mm,https://images.unsplash.com/photo-1581291519195-effc49844838
Pencahayaan,L-0 LED Ulanzi,https://images.unsplash.com/photo-1505664063606-4f83e0046a14
Pencahayaan,L-1 Godox SL-60W,https://images.unsplash.com/photo-1505664063606-4f83e0046a14
Pencahayaan,L-2 LED Weeylight,https://images.unsplash.com/photo-1505664063606-4f83e0046a14
Pencahayaan,L-3 Inbex IL100A 100W,https://images.unsplash.com/photo-1505664063606-4f83e0046a14
Pencahayaan,Yongnuo YN-560 IV Flash + Holder,https://images.unsplash.com/photo-1505664063606-4f83e0046a14
Pencahayaan,Penutup Lighting,https://images.unsplash.com/photo-1505664063606-4f83e0046a14
Pencahayaan,Power Supply Cable + Remote,https://images.unsplash.com/photo-1505664063606-4f83e0046a14
Pencahayaan,Reflector + Bag,https://images.unsplash.com/photo-1505664063606-4f83e0046a14
Pencahayaan,Reflector,https://images.unsplash.com/photo-1505664063606-4f83e0046a14
Softbox & Aksesoris Lighting,Softbox 60x90,https://images.unsplash.com/photo-1526170375885-4d8ecf77b99f
Softbox & Aksesoris Lighting,Softbox Grid / Honeycomb (2x),https://images.unsplash.com/photo-1526170375885-4d8ecf77b99f
Softbox & Aksesoris Lighting,Softbox Diffuser (2x),https://images.unsplash.com/photo-1526170375885-4d8ecf77b99f
Softbox & Aksesoris Lighting,Softbox Bag (2x),https://images.unsplash.com/photo-1526170375885-4d8ecf77b99f
Softbox & Aksesoris Lighting,Inbex Softbox 65cm Grid Octagon,https://images.unsplash.com/photo-1526170375885-4d8ecf77b99f
Softbox & Aksesoris Lighting,Inbex Softbox Lenttern 65cm,https://images.unsplash.com/photo-1526170375885-4d8ecf77b99f
Softbox & Aksesoris Lighting,Matvel Softbox LED Weeylite,https://images.unsplash.com/photo-1526170375885-4d8ecf77b99f
Softbox & Aksesoris Lighting,Bowens Mount SN-01 Snoot Honeycomb,https://images.unsplash.com/photo-1526170375885-4d8ecf77b99f
Softbox & Aksesoris Lighting,"Stand Lighting 1, 2, 3",https://images.unsplash.com/photo-1526170375885-4d8ecf77b99f
Softbox & Aksesoris Lighting,Takara Intro X3,https://images.unsplash.com/photo-1526170375885-4d8ecf77b99f
Aksesori Smartphone,Holder Smartphone,https://images.unsplash.com/photo-1505740426423-cc1405a1d71c
Aksesori Smartphone,Ulanzi ST-06s Holder Smartphone,https://images.unsplash.com/photo-1505740426423-cc1405a1d71c
Aksesori Smartphone,Taffstudio Tray Holder,https://images.unsplash.com/photo-1505740426423-cc1405a1d71c
Tas & Penyimpanan,Bag (umum),https://images.unsplash.com/photo-1497032205916-ac775f0649ae
Tas & Penyimpanan,Pouch Kecil,https://images.unsplash.com/photo-1497032205916-ac775f0649ae
Tas & Penyimpanan,Pouch Besar,https://images.unsplash.com/photo-1497032205916-ac775f0649ae
Tas & Penyimpanan,Container Box Hijau,https://images.unsplash.com/photo-1497032205916-ac775f0649ae
HT,HT Scom UV10R PRO,https://images.unsplash.com/photo-1581093588401-930d88e7e4c8
HT,HT Wlan KD-C1,https://images.unsplash.com/photo-1581093588401-930d88e7e4c8
Alat Tulis & Lain-lain,Kertas A4,https://images.unsplash.com/photo-1589396572752-59b28075ce98
Alat Tulis & Lain-lain,Spidol Permanen,https://images.unsplash.com/photo-1589396572752-59b28075ce98
Alat Tulis & Lain-lain,Spidol Biasa,https://images.unsplash.com/photo-1589396572752-59b28075ce98
Alat Tulis & Lain-lain,Tissue Basah,https://images.unsplash.com/photo-1589396572752-59b28075ce98
Alat Tulis & Lain-lain,Tissue Kering,https://images.unsplash.com/photo-1589396572752-59b28075ce98
Alat Tulis & Lain-lain,Lakban Hitam Besar,https://images.unsplash.com/photo-1589396572752-59b28075ce98
Alat Tulis & Lain-lain,Lakban Hitam Kecil,https://images.unsplash.com/photo-1589396572752-59b28075ce98
Alat Tulis & Lain-lain,Lakban Kertas Besar,https://images.unsplash.com/photo-1589396572752-59b28075ce98
Alat Tulis & Lain-lain,Lakban Kertas Kecil,https://images.unsplash.com/photo-1589396572752-59b28075ce98
Alat Tulis & Lain-lain,Double Tape,https://images.unsplash.com/photo-1589396572752-59b28075ce98
